accuracy,precision,recall,f1,roc_auc,pr_auc,brier_score,specificity,sensitivity,tp,tn,fp,fn,confusion_matrix,model,window
0.5684,0.3225,0.3134,0.3179,0.5011,0.3214,0.4316,0.6889,0.3134,89,414,187,195,"[[414, 187], [195, 89]]",dummy,week4
0.5729,0.4259,0.9507,0.5882,0.8995,0.8574,0.1105,0.3943,0.9507,270,237,364,14,"[[237, 364], [14, 270]]",logistic_regression,week4
0.5311,0.4044,0.9754,0.5717,0.9072,0.8705,0.1071,0.3211,0.9754,277,193,408,7,"[[193, 408], [7, 277]]",random_forest,week4
0.6791,0.5,0.9331,0.6511,0.9114,0.8777,0.0988,0.5591,0.9331,265,336,265,19,"[[336, 265], [19, 265]]",xgboost,week4
0.5684,0.3225,0.3134,0.3179,0.5011,0.3214,0.4316,0.6889,0.3134,89,414,187,195,"[[414, 187], [195, 89]]",dummy,week8
0.5638,0.4206,0.9507,0.5832,0.8986,0.8567,0.1116,0.381,0.9507,270,229,372,14,"[[229, 372], [14, 270]]",logistic_regression,week8
0.5367,0.4071,0.9718,0.5738,0.9067,0.8677,0.1079,0.3311,0.9718,276,199,402,8,"[[199, 402], [8, 276]]",random_forest,week8
0.687,0.5068,0.9225,0.6542,0.9142,0.8807,0.0979,0.5757,0.9225,262,346,255,22,"[[346, 255], [22, 262]]",xgboost,week8
0.5684,0.3225,0.3134,0.3179,0.5011,0.3214,0.4316,0.6889,0.3134,89,414,187,195,"[[414, 187], [195, 89]]",dummy,week12
0.6441,0.4729,0.9542,0.6324,0.9207,0.8904,0.0962,0.4975,0.9542,271,299,302,13,"[[299, 302], [13, 271]]",logistic_regression,week12
0.5797,0.4313,0.9718,0.5974,0.9301,0.9017,0.0914,0.3943,0.9718,276,237,364,8,"[[237, 364], [8, 276]]",random_forest,week12
0.7254,0.5419,0.9331,0.6856,0.9314,0.9032,0.0862,0.6273,0.9331,265,377,224,19,"[[377, 224], [19, 265]]",xgboost,week12
